/**
 * Author:  AFK
 * Created: 16 janv. 2019
 */
--INSERT CONSEILLER
insert into conseiller (nom, prenom, login, password) values ('Tebbit', 'Cleon', 'ctebbit0', '8BEZedTZw');
insert into conseiller (nom, prenom, login, password) values ('Bloggett', 'Lucian', 'lbloggett1', 'BdzgMiNjtle0');
insert into conseiller (nom, prenom, login, password) values ('Lafee', 'Constantina', 'clafee2', 'L78IeAs89');
insert into conseiller (nom, prenom, login, password) values ('Swindley', 'Jacquie', 'jswindley3', 'XYWJJnN');
insert into conseiller (nom, prenom, login, password) values ('De Hailes', 'Jacklyn', 'jdehailes4', 'eI9fX1CjJ0J');
insert into conseiller (nom, prenom, login, password) values ('Dolder', 'Garnette', 'gdolder5', 'xOPqfr');
insert into conseiller (nom, prenom, login, password) values ('Joy', 'Timmie', 'tjoy6', 'Kgg7PSqT8j7');
insert into conseiller (nom, prenom, login, password) values ('Sheers', 'Lucas', 'lsheers7', '3kob9DL2');
insert into conseiller (nom, prenom, login, password) values ('Challinor', 'Ringo', 'rchallinor8', '3Tr588gfp');
insert into conseiller (nom, prenom, login, password) values ('Carroll', 'Lester', 'lcarroll9', 'JumLlvR');

--INSERT BANQUE
insert into banque (nom, adresse) values ('Yakijo', '688 Valley Edge Lane');
insert into banque (nom, adresse) values ('Gabvine', '11662 Browning Court');
insert into banque (nom, adresse) values ('Jabberstorm', '69534 Moose Place');
insert into banque (nom, adresse) values ('Thoughtstorm', '28 Grover Hill');
insert into banque (nom, adresse) values ('Devpoint', '728 La Follette Alley');

--INSERT CLIENT
insert into client (type_client, id, email, nom, prenom, profession, annee, login, num_portable, password, conseiller) values (2, 1, 'vwordesworth0@umich.edu', 'Wordesworth', 'Vivi', 'Financial Advisor', 2019, 'vwordesworth0', '4906627067', 'OjJxrXQYc', 6);
insert into client (type_client, id, email, nom, prenom, profession, annee, login, num_portable, password, conseiller) values (1, 2, 'gclaque1@topsy.com', 'Claque', 'Gonzalo', 'Media Manager III', 2019, 'gclaque1', '8541754392', 'oCKQE2TZ', 8);
insert into client (type_client, id, email, nom, prenom, profession, annee, login, num_portable, password, conseiller) values (1, 3, 'sspilsbury2@youtu.be', 'Spilsbury', 'Shir', 'Technical Writer', 2019, 'sspilsbury2', '3186479573', 'rgdadbP6xX6', 10);
insert into client (type_client, id, email, nom, prenom, profession, annee, login, num_portable, password, conseiller) values (1, 4, 'eclayhill3@domainmarket.com', 'Clayhill', 'Emera', 'VP Quality Control', 2019, 'eclayhill3', '3455932585', 'gkUWya', 2);
insert into client (type_client, id, email, nom, prenom, profession, annee, login, num_portable, password, conseiller) values (2, 5, 'pflay4@booking.com', 'Flay', 'Porter', 'Financial Advisor', 2019, 'pflay4', '8532221523', '9GfR9oEA', 7);
insert into client (type_client, id, email, nom, prenom, profession, annee, login, num_portable, password, conseiller) values (2, 6, 'drabbage5@nps.gov', 'Rabbage', 'Donielle', 'Dental Hygienist', 2019, 'drabbage5', '9672318316', 'q7JP3O', 3);
insert into client (type_client, id, email, nom, prenom, profession, annee, login, num_portable, password, conseiller) values (1, 7, 'jmyford6@army.mil', 'Myford', 'Juana', 'VP Accounting', 2019, 'jmyford6', '3966886717', 'A2GGMjOb', 7);
insert into client (type_client, id, email, nom, prenom, profession, annee, login, num_portable, password, conseiller) values (1, 8, 'kwimmers7@mit.edu', 'Wimmers', 'Kari', 'Junior Executive', 2019, 'kwimmers7', '1307537259', 'M7GUKPfoC', 2);
insert into client (type_client, id, email, nom, prenom, profession, annee, login, num_portable, password, conseiller) values (2, 9, 'gmacon8@jimdo.com', 'Macon', 'Glynda', 'Software Consultant', 2019, 'gmacon8', '3886232998', 'ZlMefd', 2);
insert into client (type_client, id, email, nom, prenom, profession, annee, login, num_portable, password, conseiller) values (2, 10, 'tbagster9@ihg.com', 'Bagster', 'Tony', 'Product Engineer', 2019, 'tbagster9', '7331210093', 'Q7SOUz', 8);
insert into client (type_client, id, email, nom, prenom, profession, annee, login, num_portable, password, conseiller) values (1, 11, 'vtrippa@feedburner.com', 'Tripp', 'Venus', 'Computer Systems Analyst I', 2019, 'vtrippa', '3376106285', 'ZlmM64f', 6);
insert into client (type_client, id, email, nom, prenom, profession, annee, login, num_portable, password, conseiller) values (1, 12, 'mdeverehuntb@dell.com', 'De''Vere - Hunt', 'Margaret', 'Sales Associate', 2019, 'mdeverehuntb', '1973331696', 'ekhLpoVxo0', 4);
insert into client (type_client, id, email, nom, prenom, profession, annee, login, num_portable, password, conseiller) values (1, 13, 'jspeechleyc@mediafire.com', 'Speechley', 'Josselyn', 'Senior Cost Accountant', 2019, 'jspeechleyc', '3386272668', 'FfDBU6j', 3);
insert into client (type_client, id, email, nom, prenom, profession, annee, login, num_portable, password, conseiller) values (2, 14, 'tcorneild@usnews.com', 'Corneil', 'Thomasin', 'Electrical Engineer', 2019, 'tcorneild', '9507448105', 'PLk141LPZCH', 1);
insert into client (type_client, id, email, nom, prenom, profession, annee, login, num_portable, password, conseiller) values (1, 15, 'lmaypolee@csmonitor.com', 'Maypole', 'Leticia', 'Human Resources Manager', 2019, 'lmaypolee', '5069712398', 'fXwiqTyuPvfr', 4);
insert into client (type_client, id, email, nom, prenom, profession, annee, login, num_portable, password, conseiller) values (1, 16, 'nwaleworkef@virginia.edu', 'Waleworke', 'Nara', 'Senior Editor', 2019, 'nwaleworkef', '7303923711', 'sCciXk7p', 9);
insert into client (type_client, id, email, nom, prenom, profession, annee, login, num_portable, password, conseiller) values (2, 17, 'eboobierg@google.de', 'Boobier', 'Elinore', 'Environmental Specialist', 2019, 'eboobierg', '8136222962', 'SuzSzJYrlh', 1);
insert into client (type_client, id, email, nom, prenom, profession, annee, login, num_portable, password, conseiller) values (1, 18, 'dreihillh@google.nl', 'Reihill', 'Dulce', 'Desktop Support Technician', 2019, 'dreihillh', '5819818368', 'GOCgWEgT1k', 9);
insert into client (type_client, id, email, nom, prenom, profession, annee, login, num_portable, password, conseiller) values (1, 19, 'mallixi@blog.com', 'Allix', 'Marina', 'Electrical Engineer', 2019, 'mallixi', '3667365666', 'x2Dqf9g5Q', 3);
insert into client (type_client, id, email, nom, prenom, profession, annee, login, num_portable, password, conseiller) values (1, 20, 'traatzj@facebook.com', 'Raatz', 'Torrence', 'Senior Editor', 2019, 'traatzj', '7959826585', 'kpHksrt114j', 1);
insert into client (type_client, id, email, nom, prenom, profession, annee, login, num_portable, password, conseiller) values (2, 21, 'nrobartsk@loc.gov', 'Robarts', 'Nancy', 'Geologist IV', 2019, 'nrobartsk', '9268367528', 'vBoHXPNI', 8);
insert into client (type_client, id, email, nom, prenom, profession, annee, login, num_portable, password, conseiller) values (1, 22, 'ohandmorel@51.la', 'Handmore', 'Ozzy', 'Recruiter', 2019, 'ohandmorel', '1869545576', '5dN2EYN1Ucz', 6);
insert into client (type_client, id, email, nom, prenom, profession, annee, login, num_portable, password, conseiller) values (2, 23, 'cchritchleym@intel.com', 'Chritchley', 'Claudie', 'Operator', 2019, 'cchritchleym', '6462737388', 'WDxKbeZYMwn', 7);
insert into client (type_client, id, email, nom, prenom, profession, annee, login, num_portable, password, conseiller) values (2, 24, 'lfinnann@mapy.cz', 'Finnan', 'Leona', 'Marketing Manager', 2019, 'lfinnann', '2005173086', 'wcI4gQdq2zo', 10);
insert into client (type_client, id, email, nom, prenom, profession, annee, login, num_portable, password, conseiller) values (2, 25, 'sandreaccio@parallels.com', 'Andreacci', 'Stanton', 'Associate Professor', 2019, 'sandreaccio', '1952585080', 'uzlk1Vgi3c', 10);
insert into client (type_client, id, email, nom, prenom, profession, annee, login, num_portable, password, conseiller) values (2, 26, 'xlathyp@icq.com', 'Lathy', 'Xaviera', 'Senior Financial Analyst', 2019, 'xlathyp', '3114191514', 'GbeUw37I', 1);
insert into client (type_client, id, email, nom, prenom, profession, annee, login, num_portable, password, conseiller) values (2, 27, 'lconnowq@nsw.gov.au', 'Connow', 'Linoel', 'Senior Cost Accountant', 2019, 'lconnowq', '3495867140', 'KWqXea', 3);
insert into client (type_client, id, email, nom, prenom, profession, annee, login, num_portable, password, conseiller) values (2, 28, 'dedmensonr@abc.net.au', 'Edmenson', 'Darryl', 'Compensation Analyst', 2019, 'dedmensonr', '5143048797', '27AKaLB', 8);
insert into client (type_client, id, email, nom, prenom, profession, annee, login, num_portable, password, conseiller) values (2, 29, 'bcrossers@walmart.com', 'Crosser', 'Babita', 'Engineer II', 2019, 'bcrossers', '4728150429', 't8fNx6zSd6OR', 8);
insert into client (type_client, id, email, nom, prenom, profession, annee, login, num_portable, password, conseiller) values (1, 30, 'aeldont@pbs.org', 'Eldon', 'Alleyn', 'Analyst Programmer', 2019, 'aeldont', '1994321496', '4x3XUfYF', 8);
insert into client (type_client, id, email, nom, prenom, profession, annee, login, num_portable, password, conseiller) values (1, 31, 'dallsepu@fc2.com', 'Allsep', 'Darcy', 'Registered Nurse', 2019, 'dallsepu', '7084181895', 'JG6EhO9', 3);
insert into client (type_client, id, email, nom, prenom, profession, annee, login, num_portable, password, conseiller) values (1, 32, 'clammerichv@statcounter.com', 'Lammerich', 'Claudetta', 'Operator', 2019, 'clammerichv', '5907383794', '5tFSP4P', 2);
insert into client (type_client, id, email, nom, prenom, profession, annee, login, num_portable, password, conseiller) values (1, 33, 'tsiseyw@de.vu', 'Sisey', 'Terrence', 'Staff Accountant III', 2019, 'tsiseyw', '6254828487', 'b6tq3GX', 4);
insert into client (type_client, id, email, nom, prenom, profession, annee, login, num_portable, password, conseiller) values (2, 34, 'mharbagex@twitter.com', 'Harbage', 'Melesa', 'Recruiting Manager', 2019, 'mharbagex', '2158390517', 'EKdxMi', 7);
insert into client (type_client, id, email, nom, prenom, profession, annee, login, num_portable, password, conseiller) values (2, 35, 'jaddingtony@weebly.com', 'Addington', 'Jud', 'Civil Engineer', 2019, 'jaddingtony', '3048416163', 'AffDtlhxry', 2);
insert into client (type_client, id, email, nom, prenom, profession, annee, login, num_portable, password, conseiller) values (2, 36, 'leidelmanz@thetimes.co.uk', 'Eidelman', 'Lowe', 'Geologist II', 2019, 'leidelmanz', '1485031553', 'ZC2BqxQ1g', 10);
insert into client (type_client, id, email, nom, prenom, profession, annee, login, num_portable, password, conseiller) values (2, 37, 'egreaterex10@eepurl.com', 'Greaterex', 'Eugenia', 'Senior Editor', 2019, 'egreaterex10', '9192840118', 'yZ9r9CkZM', 9);
insert into client (type_client, id, email, nom, prenom, profession, annee, login, num_portable, password, conseiller) values (2, 38, 'cabramowitch11@utexas.edu', 'Abramowitch', 'Claudetta', 'Staff Scientist', 2019, 'cabramowitch11', '1431469310', 'SlkDzIV', 3);
insert into client (type_client, id, email, nom, prenom, profession, annee, login, num_portable, password, conseiller) values (1, 39, 'dbacon12@symantec.com', 'Bacon', 'Derwin', 'Assistant Media Planner', 2019, 'dbacon12', '9174185161', 'oH2jcsBMzXtC', 7);
insert into client (type_client, id, email, nom, prenom, profession, annee, login, num_portable, password, conseiller) values (2, 40, 'emanus13@sbwire.com', 'Manus', 'Egbert', 'Human Resources Assistant III', 2019, 'emanus13', '2815201035', 'UcjOUe4', 9);
insert into client (type_client, id, email, nom, prenom, profession, annee, login, num_portable, password, conseiller) values (1, 41, 'hdurno14@desdev.cn', 'Durno', 'Harriot', 'Engineer II', 2019, 'hdurno14', '6108266382', 'skz1LTW65', 9);
insert into client (type_client, id, email, nom, prenom, profession, annee, login, num_portable, password, conseiller) values (1, 42, 'agrishunin15@163.com', 'Grishunin', 'Amery', 'Budget/Accounting Analyst III', 2019, 'agrishunin15', '9452153308', '88sWWyIH', 9);
insert into client (type_client, id, email, nom, prenom, profession, annee, login, num_portable, password, conseiller) values (2, 43, 'ablamire16@mediafire.com', 'Blamire', 'Arly', 'Project Manager', 2019, 'ablamire16', '3752615624', 'c6QpH16DG', 10);
insert into client (type_client, id, email, nom, prenom, profession, annee, login, num_portable, password, conseiller) values (2, 44, 'ghamberston17@sourceforge.net', 'Hamberston', 'Gena', 'Editor', 2019, 'ghamberston17', '9971555897', 'yNGnCTd5IC', 5);
insert into client (type_client, id, email, nom, prenom, profession, annee, login, num_portable, password, conseiller) values (2, 45, 'ichopy18@sciencedaily.com', 'Chopy', 'Irvine', 'Physical Therapy Assistant', 2019, 'ichopy18', '3795890105', 'wIHyzVtB', 8);
insert into client (type_client, id, email, nom, prenom, profession, annee, login, num_portable, password, conseiller) values (2, 46, 'cdesforges19@boston.com', 'Desforges', 'Christalle', 'Professor', 2019, 'cdesforges19', '2295465604', 'LsIb9G', 2);
insert into client (type_client, id, email, nom, prenom, profession, annee, login, num_portable, password, conseiller) values (2, 47, 'dambroisin1a@disqus.com', 'Ambroisin', 'Doralin', 'Quality Control Specialist', 2019, 'dambroisin1a', '2438777761', 'zoyF2f', 2);
insert into client (type_client, id, email, nom, prenom, profession, annee, login, num_portable, password, conseiller) values (2, 48, 'dpryce1b@plala.or.jp', 'Pryce', 'Dasya', 'Programmer III', 2019, 'dpryce1b', '1969760542', 'Y1Ukew54MRA', 7);
insert into client (type_client, id, email, nom, prenom, profession, annee, login, num_portable, password, conseiller) values (2, 49, 'dswiggs1c@umich.edu', 'Swiggs', 'Deeanne', 'Product Engineer', 2019, 'dswiggs1c', '6367998956', 'IEHuEE', 6);
insert into client (type_client, id, email, nom, prenom, profession, annee, login, num_portable, password, conseiller) values (1, 50, 'alarcombe1d@linkedin.com', 'Larcombe', 'Anestassia', 'Media Manager III', 2019, 'alarcombe1d', '5584496493', 'SoITpDYnt287', 7);

--INSERT BANQUE_CLIENT
insert into banque_client (banque_id, client_id) values (3, 4);
insert into banque_client (banque_id, client_id) values (4, 12);
insert into banque_client (banque_id, client_id) values (3, 3);
insert into banque_client (banque_id, client_id) values (3, 33);
insert into banque_client (banque_id, client_id) values (1, 24);
insert into banque_client (banque_id, client_id) values (3, 44);
insert into banque_client (banque_id, client_id) values (5, 16);
insert into banque_client (banque_id, client_id) values (3, 13);
insert into banque_client (banque_id, client_id) values (2, 40);
insert into banque_client (banque_id, client_id) values (3, 6);
insert into banque_client (banque_id, client_id) values (4, 39);
insert into banque_client (banque_id, client_id) values (2, 28);
insert into banque_client (banque_id, client_id) values (4, 30);
insert into banque_client (banque_id, client_id) values (5, 16);
insert into banque_client (banque_id, client_id) values (2, 47);
insert into banque_client (banque_id, client_id) values (4, 32);
insert into banque_client (banque_id, client_id) values (2, 26);
insert into banque_client (banque_id, client_id) values (2, 21);
insert into banque_client (banque_id, client_id) values (2, 39);
insert into banque_client (banque_id, client_id) values (5, 9);
insert into banque_client (banque_id, client_id) values (1, 6);
insert into banque_client (banque_id, client_id) values (4, 25);
insert into banque_client (banque_id, client_id) values (3, 22);
insert into banque_client (banque_id, client_id) values (4, 14);
insert into banque_client (banque_id, client_id) values (1, 1);
insert into banque_client (banque_id, client_id) values (1, 12);
insert into banque_client (banque_id, client_id) values (2, 7);
insert into banque_client (banque_id, client_id) values (1, 12);
insert into banque_client (banque_id, client_id) values (5, 14);
insert into banque_client (banque_id, client_id) values (1, 2);
insert into banque_client (banque_id, client_id) values (2, 42);
insert into banque_client (banque_id, client_id) values (5, 34);
insert into banque_client (banque_id, client_id) values (4, 17);
insert into banque_client (banque_id, client_id) values (1, 7);
insert into banque_client (banque_id, client_id) values (3, 38);
insert into banque_client (banque_id, client_id) values (1, 9);
insert into banque_client (banque_id, client_id) values (1, 19);
insert into banque_client (banque_id, client_id) values (1, 13);
insert into banque_client (banque_id, client_id) values (2, 10);
insert into banque_client (banque_id, client_id) values (4, 17);
insert into banque_client (banque_id, client_id) values (3, 34);
insert into banque_client (banque_id, client_id) values (2, 4);
insert into banque_client (banque_id, client_id) values (4, 19);
insert into banque_client (banque_id, client_id) values (4, 24);
insert into banque_client (banque_id, client_id) values (2, 48);
insert into banque_client (banque_id, client_id) values (4, 50);
insert into banque_client (banque_id, client_id) values (5, 34);
insert into banque_client (banque_id, client_id) values (1, 44);
insert into banque_client (banque_id, client_id) values (1, 28);
insert into banque_client (banque_id, client_id) values (1, 13);
insert into banque_client (banque_id, client_id) values (1, 48);
insert into banque_client (banque_id, client_id) values (3, 20);
insert into banque_client (banque_id, client_id) values (4, 7);
insert into banque_client (banque_id, client_id) values (1, 8);
insert into banque_client (banque_id, client_id) values (2, 35);
insert into banque_client (banque_id, client_id) values (4, 28);
insert into banque_client (banque_id, client_id) values (4, 10);
insert into banque_client (banque_id, client_id) values (4, 4);
insert into banque_client (banque_id, client_id) values (5, 19);
insert into banque_client (banque_id, client_id) values (4, 39);
insert into banque_client (banque_id, client_id) values (5, 22);
insert into banque_client (banque_id, client_id) values (2, 12);
insert into banque_client (banque_id, client_id) values (2, 25);
insert into banque_client (banque_id, client_id) values (2, 47);
insert into banque_client (banque_id, client_id) values (1, 44);
insert into banque_client (banque_id, client_id) values (1, 27);
insert into banque_client (banque_id, client_id) values (3, 42);
insert into banque_client (banque_id, client_id) values (4, 2);
insert into banque_client (banque_id, client_id) values (4, 10);
insert into banque_client (banque_id, client_id) values (5, 36);
insert into banque_client (banque_id, client_id) values (1, 8);
insert into banque_client (banque_id, client_id) values (1, 1);
insert into banque_client (banque_id, client_id) values (2, 39);
insert into banque_client (banque_id, client_id) values (4, 44);
insert into banque_client (banque_id, client_id) values (2, 10);
insert into banque_client (banque_id, client_id) values (3, 26);
insert into banque_client (banque_id, client_id) values (2, 37);
insert into banque_client (banque_id, client_id) values (4, 3);
insert into banque_client (banque_id, client_id) values (5, 41);
insert into banque_client (banque_id, client_id) values (4, 43);
insert into banque_client (banque_id, client_id) values (3, 3);
insert into banque_client (banque_id, client_id) values (4, 46);
insert into banque_client (banque_id, client_id) values (5, 32);
insert into banque_client (banque_id, client_id) values (4, 38);
insert into banque_client (banque_id, client_id) values (1, 47);
insert into banque_client (banque_id, client_id) values (4, 44);
insert into banque_client (banque_id, client_id) values (2, 21);
insert into banque_client (banque_id, client_id) values (5, 47);
insert into banque_client (banque_id, client_id) values (4, 24);
insert into banque_client (banque_id, client_id) values (1, 35);
insert into banque_client (banque_id, client_id) values (1, 5);
insert into banque_client (banque_id, client_id) values (1, 30);
insert into banque_client (banque_id, client_id) values (4, 19);
insert into banque_client (banque_id, client_id) values (4, 21);
insert into banque_client (banque_id, client_id) values (5, 38);
insert into banque_client (banque_id, client_id) values (5, 1);
insert into banque_client (banque_id, client_id) values (1, 21);
insert into banque_client (banque_id, client_id) values (1, 15);
insert into banque_client (banque_id, client_id) values (3, 17);
insert into banque_client (banque_id, client_id) values (3, 23);


--INSERT CARTE_BANCAIRE
insert into carte_bancaire (num_carte, code_crypto, echeance, type_carte, utilisateur) values ('5177886216017051', '7e822732bd891981d4404cd04f247181b33ae286', '2018-03-25 04:35:59', 'mastercard', 49);
insert into carte_bancaire (num_carte, code_crypto, echeance, type_carte, utilisateur) values ('4508868296011330', '7e822732bd891981d4404cd04f247181b33ae286', '2018-03-04 16:08:41', 'visa-electron', 28);
insert into carte_bancaire (num_carte, code_crypto, echeance, type_carte, utilisateur) values ('5002358321378241', '7e822732bd891981d4404cd04f247181b33ae286', '2018-10-15 03:19:51', 'mastercard', 49);
insert into carte_bancaire (num_carte, code_crypto, echeance, type_carte, utilisateur) values ('3543229182129141', '7e822732bd891981d4404cd04f247181b33ae286', '2018-08-14 16:47:24', 'jcb', 27);
insert into carte_bancaire (num_carte, code_crypto, echeance, type_carte, utilisateur) values ('3545529675751170', '7e822732bd891981d4404cd04f247181b33ae286', '2018-08-02 04:49:55', 'jcb', 25);
insert into carte_bancaire (num_carte, code_crypto, echeance, type_carte, utilisateur) values ('3546534141947203', '7e822732bd891981d4404cd04f247181b33ae286', '2018-11-11 23:34:37', 'jcb', 12);
insert into carte_bancaire (num_carte, code_crypto, echeance, type_carte, utilisateur) values ('5602233411329939', '7e822732bd891981d4404cd04f247181b33ae286', '2018-08-29 12:41:40', 'bankcard', 32);
insert into carte_bancaire (num_carte, code_crypto, echeance, type_carte, utilisateur) values ('4508112610309926', '7e822732bd891981d4404cd04f247181b33ae286', '2018-08-09 18:31:09', 'visa-electron', 42);
insert into carte_bancaire (num_carte, code_crypto, echeance, type_carte, utilisateur) values ('560222576084637499', '7e822732bd891981d4404cd04f247181b33ae286', '2018-11-21 06:36:59', 'china-unionpay', 44);
insert into carte_bancaire (num_carte, code_crypto, echeance, type_carte, utilisateur) values ('3582869015380460', '7e822732bd891981d4404cd04f247181b33ae286', '2018-08-26 11:34:45', 'jcb', 35);
insert into carte_bancaire (num_carte, code_crypto, echeance, type_carte, utilisateur) values ('6390203391315335', '7e822732bd891981d4404cd04f247181b33ae286', '2018-10-20 18:06:17', 'instapayment', 3);
insert into carte_bancaire (num_carte, code_crypto, echeance, type_carte, utilisateur) values ('3569085780090419', '7e822732bd891981d4404cd04f247181b33ae286', '2019-01-09 20:11:50', 'jcb', 45);
insert into carte_bancaire (num_carte, code_crypto, echeance, type_carte, utilisateur) values ('5602224049918961', '7e822732bd891981d4404cd04f247181b33ae286', '2018-06-04 22:43:47', 'bankcard', 36);
insert into carte_bancaire (num_carte, code_crypto, echeance, type_carte, utilisateur) values ('3548264782847698', '7e822732bd891981d4404cd04f247181b33ae286', '2018-03-07 09:15:56', 'jcb', 34);
insert into carte_bancaire (num_carte, code_crypto, echeance, type_carte, utilisateur) values ('4903292843215020117', '7e822732bd891981d4404cd04f247181b33ae286', '2018-05-15 11:44:33', 'switch', 43);
insert into carte_bancaire (num_carte, code_crypto, echeance, type_carte, utilisateur) values ('3584517689234954', '7e822732bd891981d4404cd04f247181b33ae286', '2018-09-29 23:05:10', 'jcb', 20);
insert into carte_bancaire (num_carte, code_crypto, echeance, type_carte, utilisateur) values ('63045792102121834', '7e822732bd891981d4404cd04f247181b33ae286', '2018-02-16 14:36:25', 'maestro', 19);
insert into carte_bancaire (num_carte, code_crypto, echeance, type_carte, utilisateur) values ('490326162067135531', '7e822732bd891981d4404cd04f247181b33ae286', '2019-01-16 17:38:48', 'switch', 32);
insert into carte_bancaire (num_carte, code_crypto, echeance, type_carte, utilisateur) values ('3581200889413412', '7e822732bd891981d4404cd04f247181b33ae286', '2018-04-07 01:15:15', 'jcb', 24);
insert into carte_bancaire (num_carte, code_crypto, echeance, type_carte, utilisateur) values ('6771805522743971707', '7e822732bd891981d4404cd04f247181b33ae286', '2018-06-26 08:55:25', 'laser', 41);
insert into carte_bancaire (num_carte, code_crypto, echeance, type_carte, utilisateur) values ('6304695388856320923', '7e822732bd891981d4404cd04f247181b33ae286', '2018-04-21 00:08:49', 'laser', 37);
insert into carte_bancaire (num_carte, code_crypto, echeance, type_carte, utilisateur) values ('3537206569850752', '7e822732bd891981d4404cd04f247181b33ae286', '2018-05-20 05:26:59', 'jcb', 42);
insert into carte_bancaire (num_carte, code_crypto, echeance, type_carte, utilisateur) values ('3535026234202375', '7e822732bd891981d4404cd04f247181b33ae286', '2018-09-25 06:40:09', 'jcb', 30);
insert into carte_bancaire (num_carte, code_crypto, echeance, type_carte, utilisateur) values ('3529322247106606', '7e822732bd891981d4404cd04f247181b33ae286', '2018-10-13 12:21:22', 'jcb', 32);
insert into carte_bancaire (num_carte, code_crypto, echeance, type_carte, utilisateur) values ('5407771340937089', '7e822732bd891981d4404cd04f247181b33ae286', '2018-10-14 13:38:11', 'mastercard', 11);
insert into carte_bancaire (num_carte, code_crypto, echeance, type_carte, utilisateur) values ('3576145121479860', '7e822732bd891981d4404cd04f247181b33ae286', '2018-06-20 19:56:33', 'jcb', 17);
insert into carte_bancaire (num_carte, code_crypto, echeance, type_carte, utilisateur) values ('201412020517896', '7e822732bd891981d4404cd04f247181b33ae286', '2018-03-01 23:03:50', 'diners-club-enroute', 37);
insert into carte_bancaire (num_carte, code_crypto, echeance, type_carte, utilisateur) values ('201474055693422', '7e822732bd891981d4404cd04f247181b33ae286', '2018-05-23 06:05:01', 'diners-club-enroute', 2);
insert into carte_bancaire (num_carte, code_crypto, echeance, type_carte, utilisateur) values ('5348228187004459', '7e822732bd891981d4404cd04f247181b33ae286', '2018-09-09 12:34:00', 'mastercard', 19);
insert into carte_bancaire (num_carte, code_crypto, echeance, type_carte, utilisateur) values ('56022274074857233', '7e822732bd891981d4404cd04f247181b33ae286', '2018-07-07 19:20:55', 'china-unionpay', 22);
insert into carte_bancaire (num_carte, code_crypto, echeance, type_carte, utilisateur) values ('3569056553737031', '7e822732bd891981d4404cd04f247181b33ae286', '2018-07-28 17:44:29', 'jcb', 32);
insert into carte_bancaire (num_carte, code_crypto, echeance, type_carte, utilisateur) values ('3545958283926165', '7e822732bd891981d4404cd04f247181b33ae286', '2018-01-31 09:31:30', 'jcb', 48);
insert into carte_bancaire (num_carte, code_crypto, echeance, type_carte, utilisateur) values ('3587954951323644', '7e822732bd891981d4404cd04f247181b33ae286', '2018-08-29 16:30:12', 'jcb', 5);
insert into carte_bancaire (num_carte, code_crypto, echeance, type_carte, utilisateur) values ('3538140800586140', '7e822732bd891981d4404cd04f247181b33ae286', '2018-11-03 23:17:54', 'jcb', 23);
insert into carte_bancaire (num_carte, code_crypto, echeance, type_carte, utilisateur) values ('3586205798718822', '7e822732bd891981d4404cd04f247181b33ae286', '2018-08-01 19:14:00', 'jcb', 35);
insert into carte_bancaire (num_carte, code_crypto, echeance, type_carte, utilisateur) values ('374622222620097', '7e822732bd891981d4404cd04f247181b33ae286', '2018-09-03 16:10:52', 'americanexpress', 19);
insert into carte_bancaire (num_carte, code_crypto, echeance, type_carte, utilisateur) values ('3530682949020042', '7e822732bd891981d4404cd04f247181b33ae286', '2018-09-17 00:16:26', 'jcb', 23);
insert into carte_bancaire (num_carte, code_crypto, echeance, type_carte, utilisateur) values ('3562212803305494', '7e822732bd891981d4404cd04f247181b33ae286', '2018-05-02 07:48:09', 'jcb', 46);
insert into carte_bancaire (num_carte, code_crypto, echeance, type_carte, utilisateur) values ('30010623744490', '7e822732bd891981d4404cd04f247181b33ae286', '2018-12-12 07:51:48', 'diners-club-carte-blanche', 5);
insert into carte_bancaire (num_carte, code_crypto, echeance, type_carte, utilisateur) values ('3553105786831265', '7e822732bd891981d4404cd04f247181b33ae286', '2018-10-12 14:55:59', 'jcb', 11);
insert into carte_bancaire (num_carte, code_crypto, echeance, type_carte, utilisateur) values ('5100135157190010', '7e822732bd891981d4404cd04f247181b33ae286', '2018-05-10 13:09:07', 'mastercard', 29);
insert into carte_bancaire (num_carte, code_crypto, echeance, type_carte, utilisateur) values ('3577259986900412', '7e822732bd891981d4404cd04f247181b33ae286', '2018-09-20 03:11:20', 'jcb', 2);
insert into carte_bancaire (num_carte, code_crypto, echeance, type_carte, utilisateur) values ('372301522727868', '7e822732bd891981d4404cd04f247181b33ae286', '2018-02-17 01:22:00', 'americanexpress', 48);
insert into carte_bancaire (num_carte, code_crypto, echeance, type_carte, utilisateur) values ('6761233585332691609', '7e822732bd891981d4404cd04f247181b33ae286', '2018-09-05 21:21:37', 'maestro', 36);
insert into carte_bancaire (num_carte, code_crypto, echeance, type_carte, utilisateur) values ('5155166045623452', '7e822732bd891981d4404cd04f247181b33ae286', '2019-01-15 04:59:36', 'mastercard', 48);
insert into carte_bancaire (num_carte, code_crypto, echeance, type_carte, utilisateur) values ('30023619220771', '7e822732bd891981d4404cd04f247181b33ae286', '2018-07-24 07:32:59', 'diners-club-carte-blanche', 12);
insert into carte_bancaire (num_carte, code_crypto, echeance, type_carte, utilisateur) values ('5602238350926355', '7e822732bd891981d4404cd04f247181b33ae286', '2018-03-16 12:19:54', 'bankcard', 8);
insert into carte_bancaire (num_carte, code_crypto, echeance, type_carte, utilisateur) values ('6759554185057479150', '7e822732bd891981d4404cd04f247181b33ae286', '2018-03-11 00:19:04', 'switch', 35);
insert into carte_bancaire (num_carte, code_crypto, echeance, type_carte, utilisateur) values ('3587419875976588', '7e822732bd891981d4404cd04f247181b33ae286', '2018-03-09 03:21:39', 'jcb', 6);
insert into carte_bancaire (num_carte, code_crypto, echeance, type_carte, utilisateur) values ('3573360617333363', '7e822732bd891981d4404cd04f247181b33ae286', '2018-06-04 16:36:48', 'jcb', 50);


